Headword,POS
tree,Noun
night,Noun
hamburger,Noun
nephew,Noun
castle,Noun
humble,Adjective
cup,Noun
english,Noun
eyeglasses,Noun
tie,Noun
dentist,Noun
sandwich,Noun
monkey,Noun
chair,Noun
candy_1,Noun
wander,Verb
scientist,Noun
parachute,Verb
read,Verb
cat,Noun
room,Noun
island,Noun
paper,Noun
book,Noun
shirt,Noun
horse,Noun
rock,Noun
dinosaur,Noun
coffee,Noun
cow,Noun
butter,Noun
trash,Noun
moon,Noun
shorts,Noun
scissors,Noun
soup,Noun
bird,Noun
spaghetti,Noun
snake,Noun
bowtie,Noun
camping,Noun
skirt,Noun
stars,Noun
surf,Verb
wolf,Noun
tiger,Noun
milk,Noun
policeman,Noun
tennis,Noun
computer,Noun
mountain,Noun
dog,Noun
snow,Noun
pants,Noun
dormitory,Noun
bake_1,Verb
waiter,Noun
street,Noun
office,Noun
bag,Noun
shrimp,Noun
diamond,Noun
language,Noun
strawberry,Noun
lemon,Noun
peach,Noun
promise,Verb
brush,Noun
month,Noun
pie,Noun
radio,Noun
death,Noun
cloud,Noun
asia,Noun
devil,Noun
music,Noun
pride,Noun
drawer,Noun
lettuce,Noun
soap,Noun
frenchfries,Noun
deodorant,Noun
plunger,Noun
shovel,Noun
razor,Noun
prison,Noun
shower,Noun
diaper,Noun
bowling,Noun
sandals,Noun
electrician,Noun
volleyball,Noun
surgeon,Noun
cheat_1,Verb
turtle,Noun
sheep,Noun
science,Noun
student,Noun
icecream,Noun
cereal,Noun
biology,Noun
kitchen,Noun
golf,Noun
swing,Verb
pillow,Noun
orange,Noun
cheese,Noun
umbrella,Noun
goat,Noun
curtain,Noun
gloves,Noun
football,Noun
dumb,Adjective
playground,Noun
kite,Noun
water,Noun
pig,Noun
teacher,Noun
dancer,Noun
fishing,Noun
history,Noun
spoon,Noun
bathroom,Noun
fireman,Noun
telephone,Noun
library,Noun
picture,Noun
microwave,Noun
gorilla,Noun
hat,Noun
whistle,Noun
tornado,Noun
windmill,Noun
tobacco,Noun
lazy,Adjective
bathroom,Noun
tea,Noun
pencil,Noun
cafeteria,Noun
shoulder,Noun
hair,Noun
shoes,Noun
bread,Noun
elephant,Noun
salad,Noun
necklace,Noun
perfume,Noun
rollerskating,Noun
heaven,Noun
magazine,Noun
guitar,Noun
turkey,Noun
paintbrush,Noun
popcorn,Noun
africa,Noun
carrot,Noun
corn_1,Noun
pepper,Noun
balloon,Noun
glove,Noun
coconut,Noun
grapes,Noun
mop,Noun
calendar,Noun
banana,Noun
homework,Noun
soccer,Noun
verb,Noun
insult,Verb
lawyer,Noun
desert,Noun
mouse,Noun
psychologist,Noun
egg,Noun
lion,Noun
scarf,Noun
engineer,Noun
evaluate,Verb
bridesmaid,Noun
flower,Noun
witch,Noun
napkin,Noun
doctor,Noun
neutral,Adjective
garage,Noun
underwear,Noun
bracelet,Noun
table,Noun
clown,Noun
math,Noun
bra,Noun
piano,Noun
mechanic,Noun
grass,Noun
blanket,Noun
socks,Noun
mirror,Noun
river,Noun
belt,Noun
bed,Noun
onion,Noun
earthquake,Noun
fish,Noun
fox,Noun
window,Noun
baseball,Noun
accountant,Noun
basketball,Noun
dress,Noun
actor,Noun
stairs,Noun
giraffe,Noun
potato,Noun
rooster,Noun
door,Noun
ring,Noun
apple,Noun
queen,Noun
butterfly,Noun
dolphin,Noun
pirate,Noun
secretary,Noun
deer,Noun
rain,Noun
bar,Noun
bacon,Noun
binoculars,Noun
drum,Noun
microscope,Noun
whip,Verb
machine,Noun
wave,Noun
chance,Noun
bridge,Noun
papercutter,Noun
violin,Noun
flashlight,Noun
angel,Noun
concept,Noun
star,Noun
building,Noun
attention,Noun
gas,Noun
chocolate,Noun
counselor,Noun
college,Noun
start,Verb
puzzled,Adjective
surprise,Noun
hearing_aid,Noun
blind,Adjective
bored,Adjective
responsibility,Noun
bath,Noun
some,Minor
mustache,Noun
awkward,Noun
relationship,Noun
favorite,Noun
hunt,Verb
rude,Adjective
headache,Noun
honest,Adjective
city,Noun
tall_2,Adjective
rest,Verb
impossible,Adjective
warn,Verb
new_york,Noun
hockey,Noun
flag,Noun
film,Verb
last,Number
videophone,Noun
shy,Adjective
look_at,Verb
learn,Verb
traffic,Noun
three,Number
print,Noun
mind,Noun
body,Noun
fingerspell,Verb
because,Minor
pill,Noun
bake_2,Verb
good,Adjective
hotel,Noun
wrong,Adjective
type,Noun
doubt,Verb
judge,Noun
army,Noun
patient_1,Noun
much,Minor
5_dollars,Noun
wristwatch,Noun
breakdown,Verb
brother,Noun
person,Noun
bug,Noun
me,Minor
salt,Noun
angry,Adjective
serious,Adjective
sick,Adjective
lettuce,Noun
minute,Noun
speakers,Noun
father,Noun
prefer,Verb
nothing,Noun
certificate,Noun
important,Adjective
delicious,Adjective
freckles,Noun
engagement,Noun
patient_2,Adjective
farm,Noun
thief_2,Verb
which,Minor
peace,Noun
silly,Adjective
eat,Verb
about,Minor
possible,Adjective
black,Adjective
please,Adverb
mother,Noun
same_1,Minor
gallaudet,Name
knife,Noun
drink,Noun
same_2,Minor
scarcely,Adverb
year,Noun
wait,Verb
israel,Noun
swallow,Verb
friday,Name
really,Adverb
congratulations,Minor
ask,Verb
alphabet,Noun
whatever,Adverb
hospital,Noun
subtract,Verb
win,Verb
after,Minor
wear,Verb
key,Noun
try,Verb
where,Minor
grandfather,Noun
summer,Noun
act,Verb
parade,Noun
vote,Noun
slow,Adjective
grow,Verb
other,Adjective
dream,Noun
thursday,Name
lipstick,Noun
warm,Adjective
behind,Minor
boss,Noun
sad,Adjective
cigar,Noun
zoom_in,Verb
credit_card,Noun
accident,Verb
government,Noun
dance,Noun
experience,Noun
wet,Adjective
disagreement,Noun
purple,Adjective
look_appearance,Verb
mean_1,Adjective
new,Adjective
age,Noun
about,Minor
sew,Verb
decide,Verb
stress,Noun
wonder,Verb
pile,Noun
hairdryer,Noun
week,Noun
time,Noun
blinds_1,Noun
bad,Adjective
health,Verb
leave,Verb
green,Adjective
son,Noun
sunset,Noun
character,Noun
travel,Verb
boy,Noun
freeway,Noun
animal,Noun
train,Noun
remote_control,Noun
emotion,Noun
videocamera,Noun
get,Verb
cookie,Noun
starbucks,Name
brag,Verb
lie,Verb
communication,Noun
worm,Noun
run,Verb
vacation,Noun
shave,Verb
imagine,Verb
thief_1,Noun
set_up,Verb
maybe,Adverb
world,Noun
tall_1,Adjective
finish,Verb
call_tty,Verb
pipe,Noun
cry,Verb
religion,Noun
cabinet,Noun
tournament,Noun
more,Minor
dont_mind,Verb
glasses,Noun
sleep,Verb
interest,Noun
careful,Adjective
check,Verb
snob,Noun
things,Noun
parents,Noun
look_for,Verb
live,Verb
problem_2,Noun
trouble,Noun
for,Minor
brave,Adjective
challenge,Noun
catholic,Adjective
text,Verb
borrow,Verb
wednesday,Name
have,Verb
fight,Verb
work,Verb
live,Verb
beer,Noun
home,Adverb
lawnmower,Noun
fingerspelling,Noun
heart,Noun
hotdog,Noun
class,Noun
keyboard,Noun
and,Minor
camera,Noun
fall_1,Noun
war,Noun
find,Verb
movie,Noun
lonely,Adjective
scared,Adjective
happen,Verb
graduate,Verb
eat,Verb
email,Noun
research,Noun
stubborn,Adjective
cute_1,Adjective
recording,Verb
fire,Noun
understand,Verb
dryer,Noun
talk,Verb
people,Noun
hungry,Adjective
fat,Adjective
light_weight,Adjective
late,Adjective
embarrass,Verb
mock,Verb
figure,Verb
baby,Noun
vegetable,Noun
ugly,Adjective
sorry,Adjective
pepsi,Name
pretty,Adverb
cousin,Noun
museum,Noun
family,Noun
action,Noun
center,Noun
upload,Verb
four,Number
waste,Verb
letter,Noun
make,Verb
first,Number
basement,Noun
mcdonalds,Name
hard,Adjective
quiet,Adjective
call_attention,Verb
front,Minor
man,Noun
who,Minor
money,Noun
fine,Adjective
day,Noun
cute_2,Adjective
mean_2,Verb
strict,Adjective
know,Verb
past,Minor
show,Verb
fault,Noun
equal,Adjective
wish,Noun
headphones,Noun
downsize,Verb
king,Noun
guess,Verb
stupid_1,Adjective
cigarette,Noun
my,Minor
complex,Adjective
eyes,Noun
divorce,Noun
expensive,Adjective
right_1,Adjective
play,Verb
cross,Noun
hippo,Noun
right_2,Minor
staff,Noun
eraser,Noun
computer_mouse,Noun
pink,Adjective
art,Noun
reason,Noun
foreigner,Noun
demand,Noun
chat,Verb
north,Noun
cracker,Noun
temptation,Noun
cherry,Noun
exercise,Noun
alarm,Noun
announce,Verb
blood,Noun
appointment,Noun
owe,Verb
skate,Verb
feel,Verb
thin,Adjective
sun,Noun
price,Noun
two,Number
america,Name
invite,Verb
jacket,Noun
lose_game,Verb
europe,Name
poor,Adjective
morning,Noun
tell,Verb
remember,Verb
worry,Verb
tear,Verb
cancellation,Noun
church,Noun
steal,Verb
hammer,Noun
french,Noun
hearing,Verb
rabbit,Noun
1_dollar,Noun
corn_2,Noun
grandmother,Noun
woman,Noun
south,Noun
see,Verb
friendly,Adjective
internet,Noun
department,Noun
need,Verb
behavior,Noun
measure,Noun
TV,Noun
color,Noun
jelly,Noun
punish,Verb
egypt,Name
ball,Noun
high,Adjective
balance,Noun
stupid_2,Adjective
greece,Name
doll,Noun
frustrate,Verb
numbers,Noun
skateboarding,Verb
explanation,Noun
what_for,Minor
8_hour,Number
benefit,Noun
wash_machine,Noun
gullible,Adjective
furniture,Noun
high_school,Noun
call,Verb
blue,Adjective
university,Noun
order_1,Noun
weak,Adjective
children,Noun
few,Minor
cold,Adjective
line,Noun
comb,Verb
cough,Noun
hour,Noun
way,Noun
with,Minor
birth,Noun
agreement,Noun
never,Adverb
9_oclock,Number
haircut,Noun
percent,Noun
fruit,Noun
jigsaw_puzzle,Noun
accomplish,Verb
caption,Noun
mouth,Noun
pineapple,Noun
jump,Verb
red,Adjective
earth,Noun
magnet,Noun
emperor,Noun
deep,Adjective
fall_2,Verb
adult,Noun
indian,Adjective
problem_1,Noun
earring,Noun
suspect,Noun
want,Verb
blinds_2,Noun
bone,Noun
fast,Adverb
strange,Adjective
boots,Noun
squirrel,Noun
kneel,Verb
pity,Noun
channel,Noun
oral,Adjective
box,Noun
dirty,Adjective
misunderstand,Verb
laugh,Verb
dart,Noun
soda,Noun
wood,Noun
jewish,Adjective
pain,Noun
canada,Name
sports,Noun
order_2,Noun
protection,Noun
cover_up,Verb
scan,Noun
medicine,Noun
no,Minor
laptop,Noun
arm,Noun
sure,Adjective
download,Verb
game,Noun
lecture,Noun
bowl,Noun
wrong,Adjective
jealous,Adjective
drop,Verb
think,Verb
stomach,Noun
earn,Verb
go,Verb
kid,Noun
country,Noun
that,Minor
candle,Noun
voice,Noun
now,Adverb
stamp,Noun
appear,Verb
nurse,Noun
sneeze,Verb
foreigner,Noun
power,Noun
monday,Name
thirsty,Adjective
weather,Noun
girl,Noun
come,Verb
shop_1,Verb
secret,Noun
drunk,Adjective
happy,Adjective
honor,Noun
future,Noun
throw,Verb
meeting,Noun
scroll_down,Noun
beard,Noun
when,Minor
smoking,Verb
all,Minor
school,Noun
prayer,Noun
clear,Adjective
old,Adjective
perfect,Adjective
well,Adverb
stop,Verb
motorcycle,Noun
finally,Adverb
kill,Verb
ego,Noun
wine,Noun
address,Noun
drown,Verb
coins,Noun
preacher,Noun
yellow,Adjective
name,Noun
business,Noun
shocked,Adjective
yesterday,Adverb
off_the_point,Adverb
movie,Noun
cheat_2,Verb
saturday,Name
gossip,Noun
small,Adjective
smile,Noun
pliers,Noun
cake,Noun
zipper,Noun
shampoo,Noun
disappear,Verb
juggle,Verb
long_line,Noun
teeth,Noun
list,Noun
help,Verb
chicago,Name
not_yet,Adverb
canoe,Noun
japan,Name
thanksgiving,Noun
paint,Verb
penny,Noun
match,Verb
write,Verb
theater,Noun
corkscrew,Noun
birthday,Noun
boat,Noun
bedroom,Noun
zoom_off,Verb
yeah,Minor
from,Minor
test,Noun
promote,Verb
floor,Noun
iron,Noun
copy,Verb
faucet,Noun
mechanic,Noun
why,Minor
crawl,Verb
break,Verb
easy,Adjective
mascara,Noun
lobster,Noun
arrive,Verb
sail,Verb
point,Noun
introduce,Verb
later,Adverb
lock,Noun
duck,Noun
translate,Verb
crocodile,Noun
husband,Noun
tail,Noun
enough,Adverb
idea,Noun
sweep,Verb
owl,Noun
cause,Verb
here,Adverb
pity,Noun
shiny,Adjective
cloud,Noun
february,Name
peg,Verb
loud,Adverb
lucky,Adjective
gold,Noun
pool,Noun
uncle,Noun
thermometer,Noun
guess,Verb
kiss,Noun
president,Noun
forgetful,Adjective
meet,Verb
mail,Noun
envelope,Noun
die,Verb
meat,Noun
screwdriver,Noun
alone,Adjective
lighter,Noun
bicycle,Noun
ski,Noun
let_know,Verb
dive,Verb
insurance,Noun
sign_language,Noun
bank,Noun
rollerblading,Noun
helmet,Noun
confident,Adjective
dice,Verb
metal,Noun
forfeit,Verb
deny,Verb
cocacola,Name
steak,Noun
helicopter,Noun
car,Noun
drill,Noun
restaurant,Noun
gun,Noun
night,Noun
full,Adjective
believe,Verb
tired,Adjective
impact,Verb
teach,Verb
newspaper,Noun
think_over,Verb
hello,Minor
patient_2,Adjective
walk,Verb
downsize,Verb
metaphor,Noun
there,Adverb
calendar,Noun
pull,Verb
draw,Verb
bottle,Noun
you,Minor
interpreter,Noun
fine,Adjective
god,Name
lightning,Noun
fraud,Noun
ear,Noun
vomit,Verb
nut,Noun
italy,Name
smart,Adjective
clock,Noun
push,Verb
france,Name
candy_2,Noun
toast,Noun
rat,Noun
how,Minor
leaf,Noun
what_1,Minor
hope,Verb
trophy,Noun
tomato,Noun
germany,Name
battery,Noun
tease,Verb
russia,Name
sweater,Noun
amazing,Adjective
what_2,Minor
far,Adverb
shame,Noun
inject,Verb
friend,Noun
gay,Adjective
rope,Noun
young,Adjective
since,Minor
wedding,Noun
rhino,Noun
loyal,Adjective
magic,Noun
mime,Noun
beat,Verb
rake,Verb
contact,Noun
pop,Verb
myself,Minor
wife,Noun
priest,Noun
can,Verb
stethoscope,Noun
back,Adverb
but,Minor
holiday,Noun
continue,Verb
enjoy,Verb
sit,Verb
disney,Name
zero,Number
lamp,Noun
TRUE,Adjective
offend,Verb
crazy,Adjective
summarize,Verb
elegance,Noun
use,Verb
not_care,Minor
brown,Adjective
own,Verb
horrible,Adjective
sister,Noun
breathe,Verb
excuse,Noun
west,Noun
stir,Verb
oops,Minor
decide,Verb
shop_2,Noun
frog,Noun
saw,Verb
china,Name
pretend,Verb
bear,Noun
lose,Verb
many,Minor
eagle,Noun
spider,Noun
airplane,Noun
ignore,Verb
fly,Verb
knitting,Verb
forever,Adverb
toothbrush,Noun
buy,Verb
sing,Verb
create,Verb
weigh,Verb
cook,Verb
kangaroo,Noun
demand,Noun
relax,Verb
east,Noun
lesson,Noun
vacuum,Verb
guilty,Adjective
house,Noun
select,Verb
revenge,Noun
forbid,Verb
move,Verb
silver,Noun
sushi,Noun
glow,Noun
wink,Verb
hurt,Verb
prince,Noun
bus,Noun
sarcastic,Adjective
grasp,Verb
egg_beater,Verb
tanktop,Noun
cooperate,Verb
yucky,Adjective
dark,Adjective
shot,Verb
plenty,Adjective
story_1,Noun
rocket_1,Noun
spend,Verb
sweatshirt,Noun
stuck,Adjective
bat_2,Noun
plug,Noun
request,Verb
want_2,Verb
hot_competition,Adjective
off,Minor
suspenders_2,Verb
plant,Noun
brainwash,Verb
change,Verb
ghost,Noun
wash_1,Verb
category,Noun
engine_start,Verb
oh_i_see,Verb
car_battery,Noun
avoid,Verb
reduce,Verb
vitamins,Noun
they,Minor
churn,Verb
fed_up,Verb
fork,Noun
shield,Noun
pharmacist,Noun
eleven,Number
face,Noun
cleftchin,Noun
gift,Noun
turn_key,Verb
get_information_out_of,Verb
bye,Noun
bachelor,Noun
basket_2,Noun
stockings,Noun
slipper,Noun
carousel,Verb
toy_1,Noun
flip_switch,Verb
tube_top,Noun
close_eyes,Verb
up,Minor
step,Verb
team,Noun
offhand,Adverb
accent,Noun
end,Verb
put_in_back_mind,Verb
nail_clipper,Verb
persistent,Adjective
deflate,Verb
niece,Noun
straight,Adjective
not_interested,Adjective
bulldozer,Noun
everyday,Adverb
most,Minor
fascinated,Verb
wall,Noun
glass_1,Noun
closet_2,Noun
let_me_see,Verb
berry,Noun
do_do,Verb
hear_1,Verb
bull,Noun
budget,Noun
not,Minor
basic,Adjective
snorkel,Noun
passport,Noun
freedom,Noun
hold_together,Verb
serve_1,Verb
today,Noun
fit,Verb
sequence,Noun
send,Verb
grenade,Noun
stand,Verb
tent,Noun
dont_want,Verb
too_much,Adjective
sshh,Minor
missing,Verb
divide,Verb
proof,Noun
come_out,Verb
lick_1,Verb
open_book,Verb
daughter,Noun
spontaneous,Adjective
forever_2,Noun
peekaboo,Noun
aunt,Noun
vase,Noun
ticket,Noun
add,Verb
noise,Noun
immerse,Verb
apart,Adjective
cameraman,Noun
mischievous,Adjective
flute,Noun
weight,Noun
sometimes,Minor
busy,Adjective
learn_lesson,Verb
sink,Verb
less,Adjective
enemy,Noun
cut_1,Verb
motivation_1,Noun
smell,Noun
wrap,Verb
bubbles,Noun
drive,Verb
hose,Noun
chain,Noun
charge_card,Verb
fun,Adjective
depress,Verb
shelf,Noun
view,Verb
circle,Noun
hang,Verb
chimney,Noun
nothing_2,Minor
out,Minor
danger,Noun
bison,Noun
beans,Noun
throw_away,Verb
shark_2,Noun
empty_1,Adjective
gate_close,Verb
contact_lens,Verb
window_open,Verb
enter,Verb
peanut_butter,Noun
walrus,Noun
hair_clipper,Verb
yourself,Minor
press_in_mind,Verb
spend_lots_of_money,Verb
pizza_cutter,Noun
pizza_2,Noun
scrub,Verb
under,Minor
rocket_2,Verb
mushroom,Noun
paragraph,Noun
specific,Adjective
work_out,Verb
belt,Verb
cannot,Verb
lollipop,Noun
blow,Verb
pen,Noun
ears_up,Verb
salt_shaker,Noun
share,Verb
blond,Adjective
bib,Noun
open_wallet,Verb
restless,Adjective
on,Minor
snowsuit,Noun
falling_asleep,Verb
navel,Noun
nine,Number
memorize_memorize,Verb
roll,Verb
alcohol,Noun
soft,Adjective
physics,Noun
truth,Noun
wand,Noun
technology,Noun
bee,Noun
raisin,Noun
cost,Verb
camcorder,Verb
winter,Noun
shark_1,Noun
rocking_chair,Noun
hop,Verb
scream,Verb
park,Verb
car_accident,Verb
easter,Noun
head_grind,Verb
plan,Verb
bite_on_neck,Verb
reflect,Verb
journey,Noun
funny,Adjective
grab,Verb
picnic,Noun
handsome_3,Adjective
zoo,Noun
float,Verb
head,Noun
sculpture,Noun
white,Adjective
lipread,Verb
goal,Noun
dont_know,Verb
sign,Noun
juggler,Noun
destroy,Verb
swim,Verb
rush,Verb
process,Verb
obvious,Adjective
guide,Verb
fins,Noun
release / free,Verb
connection,Noun
in,Minor
gate,Noun
answer,Verb
lights_on,Verb
habit,Noun
true_business,Adjective
platform,Noun
outside,Minor
elevator,Noun
hamster,Noun
spring,Noun
word,Noun
disrupt,Verb
suspenders_1,Noun
soap_2,Verb
plain,Adjective
next,Minor
discuss,Verb
clean,Verb
catapult,Verb
famous,Adjective
to,Minor
orange_eyes,Adjective
kiss_2,Noun
beanie,Noun
bind,Verb
hold_accountable,Verb
slave,Noun
different,Adjective
clothes,Noun
heart_touch,Verb
deaf,Adjective
edge,Noun
grieve,Verb
sword,Noun
pjs,Noun
calculator,Noun
decline,Verb
wow,Minor
handsome_1,Adjective
cape,Noun
shape,Noun
intuitive,Adjective
towel,Noun
switzerland,Name
sled_1,Noun
dragon,Noun
suck,Verb
axe,Noun
cool_1,Adjective
unique,Adjective
crown,Noun
peas_1,Noun
cowboy,Noun
planet,Noun
take_off,Verb
register,Verb
vanilla,Noun
give,Verb
charge,Verb
to_a_goal,Adverb
antlers,Noun
rough,Adjective
break_down,Verb
then,Minor
twins,Noun
dont_like,Verb
robot,Noun
this/it,Minor
escalator,Noun
chaos,Noun
propeller_1,Noun
roof,Noun
drug,Noun
back_out,Verb
knock,Verb
seem,Verb
easel,Noun
take_pill,Verb
perfume_2,Verb
cancer,Noun
shooting,Verb
melt,Verb
gamble,Verb
your,Minor
sauce,Noun
wash_hands,Verb
sneak_adventure,Verb
predict,Verb
filter,Verb
bow_3,Verb
better,Adjective
pet,Verb
cut_2,Verb
bottom,Noun
stopwatch,Noun
edit,Verb
signature,Noun
wash_dishes,Verb
donut,Noun
audience,Noun
breakfast,Noun
lousy,Adjective
upset_1,Adjective
lunch,Noun
braille,Noun
quit,Verb
gray,Adjective
wallet,Noun
pay,Verb
fencing,Verb
mad,Adjective
heavy,Adjective
state,Noun
sideburns,Noun
penguin,Noun
bolt,Verb
skin,Noun
option,Noun
guillotine_2,Verb
dessert,Noun
inspiring,Adjective
glue_2,Verb
hall,Noun
damn,Minor
slide,Verb
i_love_you,Verb
climb_ladder,Verb
party,Noun
than,Minor
delinquent,Noun
must,Verb
hit_1,Verb
pear,Noun
marry,Verb
high_heels,Noun
cream,Noun
hurdle/trip,Noun
astronaut,Noun
interested,Adjective
eclipse,Noun
living_room,Noun
snap,Verb
depth,Noun
fold,Verb
band_aid,Noun
auditorium,Noun
look_forward,Verb
experienced,Adjective
fraction,Noun
buttons,Noun
risk,Verb
bet,Verb
bat_2,Verb
spit_out,Verb
unicorn,Noun
impress,Verb
isolated,Adjective
let_go,Verb
normal,Adjective
beg,Verb
leak,Verb
orange_throat,Adjective
tomorrow,Noun
sweatpants,Noun
he,Minor
blow_mind,Verb
member,Noun
finance,Noun
accordion,Noun
dining_room,Noun
stay,Verb
peas_2,Noun
microscope,Noun
big,Adjective
bomb,Noun
cheap,Adjective
frown_1,Verb
his,Minor
each,Minor
plate,Noun
hurricane,Noun
best,Adjective
pour,Verb
honey_1,Noun
vagina,Noun
river,Noun
beaver,Noun
expect,Verb
slingshot,Noun
chin_2,Noun
away,Minor
tan,Adjective
harp,Noun
psychology,Noun
race,Verb
grade,Noun
murder ,Verb
hate,Verb
yawn_1,Verb
hold,Verb
neck,Noun
mailman,Noun
road,Noun
udder,Noun
swing_2,Verb
how_2,Adverb
think_connect,Verb
third,Number
sticky,Adjective
lick_2,Verb
rule,Noun
dye,Verb
hot,Adjective
sailboat,Noun
microphone,Noun
temper_blow_up,Verb
distracted,Verb
chop,Verb
bald,Adjective
firetruck,Noun
drip,Verb
they,Minor
rainbow,Noun
practice,Verb
backyard,Noun
bring,Verb
dry,Adjective
dislike,Verb
octopus,Noun
next_to,Minor
burp,Verb
freeze,Verb
autism,Noun
one,Noun
clause,Noun
monster,Noun
thunder,Noun
earmuffs,Noun
chase,Verb
kiss_on_cheek,Verb
santa  ,Noun
bandage,Noun
meat_2,Noun
water_ski,Verb
ride_1,Verb
hypocrite,Adjective
will,Verb
smell_money,Verb
we_will_see,Verb
bright,Adjective
christmas,Noun
red_faced,Adjective
doesnt_matter,Verb
soccer_2,Verb
buffalo,Noun
fiance,Noun
dictionary,Noun
pay_off_bills,Verb
deaf,Adjective
half,Noun
ready,Adjective
bat_1,Noun
cocaine,Noun
invest,Verb
put,Verb
get_through,Verb
shake_2,Verb
event,Noun
boxing,Verb
curious,Adjective
string,Noun
fan,Noun
even,Adverb
type,Noun
sour,Adjective
babysitter,Noun
like,Verb
cheese_grater,Noun
bow_1,Noun
support_2,Verb
crack,Verb
signing_fluently,Verb
wheelbarrow,Noun
take_care,Verb
argue,Verb
marionette,Noun
q_tip,Noun
dresser,Noun
assistant,Noun
flipflops,Noun
law,Noun
over,Minor
ok,Minor
or,Minor
clueless,Adjective
CANCEL,Verb
everything,Minor
dedicate_1,Verb
emphasis,Noun
seven,Number
sausage,Noun
scar_memory,Verb
turban,Noun
wrap_up,Verb
stamp_2,Noun
take_notes,Verb
penis,Noun
badge,Noun
closet_1,Noun
ostrich,Noun
go_to_jail,Verb
not_used_to,Adjective
child,Noun
rich,Adjective
refrigerator,Noun
spot_something,Verb
limited,Adjective
soon_1,Adjective
blame,Verb
fence,Noun
hoe,Noun
guillotine_1,Noun
something,Minor
rocking_chair,Noun
wash_face_1,Verb
escape,Verb
pizza_1,Noun
near,Minor
any,Minor
tape,Noun
early,Adjective
jump_rope,Noun
highlighter,Verb
two_more,Number
busted,Adjective
complain,Verb
record,Verb
catepillar,Noun
lungs,Noun
free,Adjective
pitcher,Noun
place,Noun
softball,Noun
date,Noun
skunk,Noun
porcupine,Noun
stare,Verb
tty,Noun
hurdle/trip,Verb
spill_1,Verb
forest,Noun
think_penetrate,Verb
abbreviate,Verb
eyes_awake,Verb
camel,Noun
tired_of,Adverb
maid,Noun
wheelchair,Noun
click,Verb
convince,Verb
not_understand,Verb
thought_disappear,Verb
support_1,Noun
move_down,Verb
sharp_1,Adjective
seal,Noun
follow_1,Verb
long,Adjective
not_mind,Verb
shake_1,Verb
chopsticks,Noun
backpack,Noun
hands,Noun
overlook,Verb
snail,Noun
love,Verb
so,Minor
page,Noun
real_sick,Verb
holy,Adjective
magnify_1,Noun
goatee,Noun
hurry,Verb
jar,Noun
run_out_of,Verb
awake,Adjective
choke,Verb
fair,Verb
champion,Noun
immature,Adjective
safe,Adjective
stadium,Noun
handcuffs,Noun
hand_soap,Verb
study,Verb
persuade,Noun
straw,Noun
take,Verb
spain,Name
muscle,Noun
clap,Verb
together,Noun
handsome_2,Adjective
barrette,Noun
back_up,Verb
suit,Noun
green_beans,Noun
pass_out,Verb
zebra,Noun
hongkong,Name
stapler,Verb
put_aside,Verb
leather,Noun
freak_out,Verb
gum,Noun
believe,Verb
compass,Noun
couch_1,Noun
noon,Noun
think_expand,Verb
bless,Verb
vain,Adjective
bell,Noun
dig_up,Verb
net,Noun
confidential,Adjective
wise,Adjective
example,Noun
hide,Verb
operate_machine,Verb
sled_2,Verb
garlic,Noun
beach,Noun
hanukkah,Noun
tissue,Noun
catch,Verb
frame,Noun
halloween,Noun
hug,Verb
cannon,Noun
skill,Adjective
very_interested,Adjective
intentional,Adjective
hen,Noun
lips,Noun
effect,Verb
nerve,Noun
fringe,Noun
concerned,Verb
celery,Noun
miss,Verb
inspire,Verb
before,Minor
count,Verb
blink,Verb
energy,Noun
edit,Verb
boyfriend,Noun
party,Noun
ruin,Verb
innocent,Adjective
bow_2,Noun
land,Noun
our,Minor
dreadlocks,Noun
thrilled,Adjective
claw,Noun
baseball_cap,Noun
easy_to_do,Verb
save_money,Verb
analyze,Verb
noose,Noun
pope,Noun
watch,Verb
should,Verb
windy,Adjective
lunch,Noun
lift,Verb
sophisticated,Adjective
program,Noun
still,Adverb
ruler,Noun
write_on_wall,Verb
peacock,Noun
w.h.a.t,Minor
valley,Noun
chew_1,Verb
flag_2,Noun
rob,Verb
pin_on,Verb
finger,Noun
stamp_1,Verb
bite,Verb
moose,Noun
very,Minor
dispatch,Verb
haha,Minor
noon,Noun
gym,Noun
calm,Adjective
sofa,Noun
truck_1,Noun
hell,Noun
tear_rip_1,Verb
nail,Verb
halloween,Noun
spread_1,Verb
whale,Noun
bloom,Verb
saxophone,Noun
hairdresser,Noun
if,Minor
disappoint,Verb
we,Minor
ice,Noun
going_through_a_hard_time,Verb
juice_1,Noun
form,Noun
rose,Noun
melon,Noun
shut_out,Verb
strong,Adjective
plummet,Verb
look_like,Verb
resist,Verb
bend,Verb
tend_your,Verb
six,Number
juice_2,Noun
elevator,Noun
motivation_2,Verb
join,Verb
hinge,Noun
tube,Noun
fix,Verb
dinner,Noun
faint,Verb
row,Verb
beak,Noun
jellyfish,Noun
average,Adjective
gone,Adjective
cheek,Noun
harmonica,Noun
down,Minor
cancer,Noun
tongue,Noun
feed,Verb
nice,Adjective
archeology,Noun
save,Verb
players,Noun
touch,Verb
overwhelmed,Adjective
siren,Noun
axe,Verb
temporary,Adjective
pancake,Noun
pull_convince,Verb
basket_1,Noun
nonsense,Noun
snowman,Noun
yes,Minor
nose,Noun
ocean,Noun
mummy,Noun
invisible,Adjective
think_obsess,Verb
fake,Verb
memorize,Verb
dont_care,Verb
goody_goody,Adjective
close ,Verb
joke,Verb
kick,Verb
open,Verb
tendency,Noun
defeat,Verb
backpack,Noun
permission,Noun
dedicate_2,Verb
these,Minor
goosebumps,Noun
senate,Noun
boil,Verb
megaphone,Noun
evidence,Noun
only_one_2,Adjective
society,Noun
linguistics,Noun
comment,Verb
perspective,Noun
cross_2,Verb
scold,Verb
weekend,Noun
worse,Adjective
postpone,Verb
ooh,Minor
director,Noun
self,Minor
suspend,Verb
disconnect,Verb
single,Adjective
waterdrop,Noun
socialize,Verb
deaf_school,Noun
talk_2,Verb
sentence,Noun
powder,Noun
visualize,Verb
wring,Verb
principal,Noun
pregnant,Noun
generation,Noun
escalate,Verb
acquire,Verb
structure,Noun
wade,Verb
cemetery,Noun
specialist,Noun
middle,Adjective
bother,Verb
tractor,Noun
ponder,Verb
agency,Noun
provide,Verb
smoke,Noun
inside,Adjective
short_distance,Noun
develop,Verb
culture,Noun
go_back_and_forth,Verb
explode,Verb
knight,Verb
load,Verb
inch,Noun
lesbian,Adjective
bitch,Noun
anyone,Minor
score,Verb
system,Noun
refuse,Verb
relief,Adjective
stink,Adjective
top,Adjective
shame_on_you,Minor
special,Adjective
fry ,Verb
total,Noun
tickle,Verb
honk,Verb
sow,Verb
both,Minor
fail,Verb
news_to_me,
instead,Minor
vocabulary,Noun
all_way,Adverb
stripe,Noun
tow_1,Verb
naked,Adjective
band_aid,Noun
grandparents,Noun
had_enough,Adjective
videogame,Noun
league,Noun
get_off,Verb
pinch,Verb
all_of_sudden,Adverb
document,Noun
last_week,Adverb
fill_out,Verb
massage,Verb
range,Noun
excited,Adjective
topic,Noun
dont_need,Verb
sharp_2,Adjective
improve,Verb
basketball,Noun
sweetheart,Noun
blank,Adjective
curly_hair,Adjective
become,Verb
deliberate,Verb
mix_1,Verb
weird,Adjective
sunbathe,Verb
pole,Noun
area,Noun
profoundly_deaf,Adjective
lock_2,Verb
until,Minor
uncertain,Adjective
same_time,Minor
align,Verb
philadelphia,Name
boiling_mad,Adjective
propose,Verb
hands_off,Adjective
retrieve,Verb
public,Noun
dent,Verb
influence,Verb
while,Minor
why_not,Minor
stimulate,Verb
assign,Verb
toss_out,Verb
california,Name
teenager,Noun
from_then_on,Minor
every_year,Adverb
accept,Verb
one_year_ago,Number
commute,Verb
cheerleader,Noun
talk_dirty,Verb
long_word,Noun
quarter,Noun
casual,Adjective
sweat,Verb
graduate_school,Noun
thank_you,Verb
interview,Noun
pumpkin,Noun
infection,Noun
plow,Verb
pack,Verb
time_progress,Minor
volunteer,Noun
heartbody,Noun
know_nothing,Verb
circuswheel,Noun
rescue,Verb
wind,Noun
caught,Verb
april,Name
precious,Adjective
gotcha,Minor
addict,Noun
come_here,Verb
hold_hands,Verb
each_other,Minor
needle,Noun
oil,Noun
really_into,Adjective
intelligent,Adjective
weave,Verb
coach,Noun
scratch,Verb
brick,Noun
access,Noun
alaska,Name
flip,Verb
model_1,Noun
two_of_us,Minor
short_person,Noun
all_day,Adverb
sound,Noun
vanish,Verb
scout,Noun
pageant,Noun
smooth,Adjective
dizzy,Adjective
dog,Noun
cranky,Adjective
delegate,Verb
experiment,Noun
against,Adjective
fourth,Name
keep,Verb
press,Verb
story_3,Noun
duty,Noun
luck,Adjective
tough,Adjective
due,Adjective
downhill,Adverb
convince_2,Verb
yoyo,Noun
erupt_1,Verb
shave_3,Verb
squeeze,Verb
without,Minor
sting,Verb
soon_3,Adjective
oldest,Adjective
a_little_bit,Adjective
protest,Verb
hundred,Number
give_up,Verb
follow_2,Verb
social,Noun
pair,Noun
cool_3,Adjective
pass,Verb
roll_up_sleeves,Verb
knock_off,Verb
role,Noun
barely,Adverb
remember_2,Verb
eye_turn,Verb
jewelry,Noun
one_more_1,Number
no_big_deal,
surgery,Noun
upset_2,Adjective
capture,Verb
navy,Noun
take_off,Verb
validate,Verb
peel_1,Verb
mosquito,Noun
us,Minor
pissed_off,Adjective
bounce,Verb
comfortable,Adjective
advantage,Adjective
sharpen_1,Verb
close_door,Verb
kindergarten,Noun
humor,Adjective
maple,Noun
react,Verb
situation,Noun
parallel,Verb
wheel,Noun
toy_3,Noun
identity,Noun
poop,Verb
roommate,Noun
arrest,Verb
whisper,Verb
depend_on,Verb
all_over_body,Minor
possum,Noun
visit,Verb
script,Noun
unaware,Adjective
instagram,Name
double,Adjective
value,Noun
therapy,Noun
sunrise,Verb
recent,Adjective
mexican_2,Noun
space,Noun
sign_paper,Verb
philosophy,Noun
heap,Noun
senior_citizen,Noun
pickle,Noun
cool_3,Adjective
head_back,Verb
opinion_2,Noun
struggle,Verb
hood,Noun
leave_alone,Verb
group,Noun
feedback,Noun
dilemma,Noun
cool_5,Adjective
dont_feel_like,Verb
fingers_crossed,Minor
story_2,Noun
negative,Adjective
express,Verb
fashion,Noun
steam,Noun
donkey,Noun
march,Name
articulate_sign,Verb
community,Noun
popular,Adjective
lost,Adjective
supervise,Verb
time_to_time,Minor
degree,Noun
environment,Noun
manage,Verb
shoot,Verb
vision,Noun
long_ago,Adverb
absolutely_nothing,Number
sculpt,Verb
respect,Adjective
yay,Minor
client,Noun
wrestle,Verb
mind_turned,Verb
slice,Verb
grow_up,Verb
meditate,Verb
photography,Noun
result,Noun
afternoon,Noun
go_ahead,Verb
greet,Verb
all_together,Adverb
fantasy,Adjective
lead,Noun
breaktime,Noun
automatic,Adjective
foul,Adjective
hard_of_hearing,Adjective
punch_face,Verb
curl,Verb
breakfast,Noun
project,Noun
at,Minor
toy_2,Noun
major,Noun
square,Noun
single_out,Verb
square_idiot,Adjective
dip_1,Verb
cross_heart,Verb
turn,Verb
one_more_2,Number
regular,Adverb
itch,Verb
elementary_school,Noun
goody_goody_shoe_opposite,Minor
catch_2,Verb
priority,Adjective
different_situation,Noun
overnight,Adverb
empty_2,Adjective
wash_face_2,Verb
fond,Adjective
taste,Verb
transgender,Adjective
clip,Verb
resign,Verb
either,Minor
polish,Verb
dominant,Adjective
lend,Verb
ceiling,Noun
kitten,Noun
strangle,Verb
look_back,Verb
will_go,Verb
stack,Verb
visitor,Noun
several,Adjective
run_2,Verb
consume,Verb
twirl,Verb
brainstorm,Verb
board,Noun
proximalization,Noun
sophomore,Adjective
opinion_1,Noun
intervene,Verb
confused,Adjective
Sunday,Name
lay_down,Verb
model_2,Noun
hear_2,Verb
overtake,Verb
interpret,Verb
supervisor,Noun
qm,Noun
somersault,Noun
again,Verb
jaw_drop,Verb
swear_in,Verb
crash,Verb
shave_2,Verb
howl,Verb
special,Adjective
paranoid,Adjective
hospital,Verb
dinner,Noun
half_hour,Noun
headcold,Noun
chew_2,Verb
slip,Verb
inept,Adjective
cherish,Verb
hitchhike,Verb
vibrate,Verb
burn_1,Verb
roast,Verb
drag,Verb
CANCEL,Verb
article,Noun
carry,Verb
white_person,Adjective
mexican_1,Noun
none,Minor
institute,Noun
call_2,Verb
whole,Adverb
positive,Adjective
bark,Verb
wide,Adjective
fade,Verb
welcome,Adverb
workshop,Noun
recent,Adjective
every_night,Adverb
once,Adverb
stay_awake_24hrs,Verb
faculty,Noun
admit,Verb
perceive,Verb
all_over,Adverb
superior,Adjective
former,Adjective
confused,Adjective
dog,Noun
hatch,Verb
truck_2,Noun
function,Noun
third,Number
get_together,Verb
deal_cards,Verb
network,Noun
triple,Number
recite,Verb
stumble,Verb
triangle,Noun
same_same,Minor
conflict,Verb
turn_around,Verb
short_word,Noun
not_a_thing,Minor
twins,Noun
opportunity,Noun
sensitive,Adjective
remove,Verb
grind,Verb
quality,Noun
make_believe,Verb
eight,Number
celebrate,Verb
bee,Noun
fool,Verb
remind,Verb
blouse,Noun
label,Verb
often,Adverb
period,Noun
boston,Name
obsess,Verb
between,Adjective
see_see,Verb
shout,Verb
replace,Verb
mess,Adjective
toss,Verb
get_in_bed,Verb
mention,Verb
long_time,Adverb
adopt,Verb
advertise,Verb
great,Adjective
go_through,Verb
handsome_4,Adjective
dissect,Verb
all_gone,Adverb
arizona,Name
tradition,Noun
sell,Verb
alright,Adjective
ride_2,Verb
vlog,Noun
transfer,Verb
sweet,Adjective
champ,Noun
demote,Verb
nothing_at_all,Minor
organization,Noun
friends_no_more_1,
australia,Name
spicy,Adjective
mainstream,Adjective
kiss_fist,Verb
resent,Verb
independent,Adjective
theory,Noun
rest_all_day,Verb
scoop,Verb
plus,Noun
fifth,Number
inhale,Verb
admire,Verb
vest,Verb
produce_sign,Verb
honey_2,Noun
bullshit,Adjective
hawaii,Name
side,Adjective
focus,Verb
dress_up / fashion,Verb
fired,Verb
cheer,Verb
christmas,Noun
roar,Verb
policy,Noun
cards,Noun
two_weeks,Number
walk_2,Verb
athlete,Noun
stand_up,Verb
corner,Noun
committee,Noun
spaceship,Noun
bleed,Verb
always,Adverb
minimum,Noun
grammar,Noun
undergraduate,Adjective
incredible,Adjective
dissolve,Verb
junior,Adjective
next_year,Minor
retire,Adjective
erase,Verb
gesture,Verb
tuesday,Name
blur,Verb
attitude,Noun
develop,Verb
assist,Verb
dark,Adjective
right_3,Noun
assembly,Verb
expert,Adjective
blush,Verb
next_down,Minor
file_2,Verb
left,Adjective
design,Verb
shakespeare,Noun
hatbrim,Noun
cry_2,Verb
lamp_2,Noun
kiss_3,Verb
suck_thumb,Verb
hatch_2,Verb
sweater_2,Noun
strawberry_4,Noun
grapes_2,Noun
pipe_4,Noun
gloves_3,Noun
basketball,Noun
screwdriver_3,Noun
sandwich_4,Noun
cheerleader_2,Verb
castle_2,Noun
bridge_2,Noun
stack_4,Verb
iphone,Noun
drag,Verb
arrest_2,Verb
walk-tightrope-cl,Verb
snowboard,Verb
magnet_3,Noun
fork_4,Noun
slice_2,Verb
mine,Verb
clash,Verb
meditate_3,Verb
crash_plane,Verb
lick_envelope,Verb
turkey_2,Noun
kangaroo_2,Noun
file_3,Verb
autism_2,Noun
envelope_4,Noun
baby_2,Noun
tie_up_2,Verb
drown_5,Verb
cream_2,Noun
devour,Verb
sail_2,Verb
pop_2,Verb
fishing_2,Verb
lobster_3,Noun
peel_2,Verb
knight_2,Verb
wristwatch_3,Noun
dog_2,Noun
pineapple_2,Noun
flashlight_3,Noun
slide_2,Verb
parachute_3,Verb
conduct_1,Verb
banana_4,Noun
trim_2,Verb
plug_2,Verb
spill_2,Verb
dip_2,Verb
helmet_2,Noun
bowling_2,Verb
throw_2,Verb
gun_3,Verb
blow_candle_1,Verb
necklace_2,Noun
curl_2,Verb
decorate_1,Verb
bark_2,Verb
stethoscope_3,Noun
strain_2,Verb
oil_3,Verb
shoulder_3,Noun
skateboarding_2,Verb
snap_stick,Verb
bury,Verb
float_3,Verb
spread_3,Verb
pineapple_5,Noun
corkscrew_2,Verb
scarf_3,Noun
knight_5,Verb
rhino_3,Noun
tail_2,Noun
bra_2,Noun
hairdryer_3,Verb
nose_bleed,Verb
drown_2,Verb
pour_2,Verb
arm_2,Noun
electrocute,Verb
pillow_2,Noun
tow_2,Verb
erase_3,Verb
chew_2_mouth,Verb
woman_2,Noun
light_2,Verb
peg_3,Noun
money_2,Noun
carrot_2,Noun
reach,Verb
shirt_2,Noun
sharpen_3,Verb
yawn_4,Verb
hit_2,Verb
mail_2,Verb
follow_3,Verb
award,Verb
glass_2,Noun
jacket_2,Noun
listen,Verb
windmill_2,Noun
erupt_2,Verb
think_ponder,
village,Noun
ribbon_award,Noun
bumpy,Adjective
crumple,Verb
hummingbird,Noun
locker,Noun
universe,Noun
cellphone,Noun
arm_3,Noun
load_2,Verb
helicopter_2,Noun
curtsey_1,Verb
saw_2,Verb
microscope_3,Noun
magnet_4,Noun
tow_3,Verb
pineapple_3,Noun
kangaroo_3,Noun
bury_1,Verb
bag_2,Noun
bow_4,Verb
strawberry_2,Noun
pipe_2,Noun
castle_3,Noun
trip_1,Verb
dolphin_2,Noun
blow_candle_2,Verb
sneeze_2,Verb
wash_3,Verb
knitting_2,Verb
carve,Verb
can_2,Noun
lick_envelope_2,Verb
tie_2,Verb
decorate_2,Verb
stethoscope_4,Noun
relax_2,Verb
slip_2,Verb
knight_3,Verb
feed_2,Verb
file_4,Verb
splash-ca,Verb
clock_2,Noun
bra_3,Noun
cry_3,Verb
chew_3,Verb
erase_4,Verb
shave_4,Verb
hoodie_1,Noun
bite,Verb
cat_2,Noun
yawn_2,Verb
pillow_3,Noun
fork_2,Noun
windmill_3,Noun
dip_3,Verb
hair_2,Noun
measure_2,Verb
teach_2,Verb
buckle_1,Noun
slice_3,Verb
catch_baseball,Verb
glass_3,Noun
hippo_2,Noun
serve_2,Verb
wrap_up_2,Verb
timeout,Verb
mop_2,Verb
nut_2,Noun
lock_3,Verb
duck_2,Noun
hang_clothes,Verb
frisk,Verb
cloud_3,Noun
fold_2,Verb
leaf_2,Noun
dribble,Verb
summon,Verb
city_2,Noun
corn_3,Noun
jacket_3,Noun
necklace_3,Noun
stand_2,Verb
point_index,Verb
shout_2,Verb
pet_2,Verb
sandwich_2,Noun
peach_2,Noun
crawl_2,Verb
plow_2,Verb
sweater_3,Noun
conduct_2,Verb
flashlight_4,Noun
bury_3,Verb
roar_2,Verb
greet_2,Verb
bark_3,Verb
banana_2,Noun
mix_2,Verb
flashlight_1,Noun
envelope_2,Noun
bathtub,Noun
stack_2,Verb
peel_3,Verb
pants_2,Noun
gloves_4,Noun
iron_2,Verb
envelope_5,Noun
stretch_1,Verb
skateboarding_3,Verb
drown_3,Verb
underwear_2,Noun
cherry_2,Noun
shoot_2,Verb
pop_3,Verb
light_candle,Verb
kite_2,Noun
somersault_2,Verb
dig,Verb
scarf_4,Noun
racecar_track,Noun
hoodie_2,Noun
fuzzy,Adjective
hold_2,Verb
license,Noun
tablet,Noun
crewcut,Noun
elevator_3,Noun
fork_3,Noun
bed_2,Noun
parachute_2,Verb
shoulder_2,Noun
float_2,Verb
shovel_2,Noun
yawn_3,Verb
peck,Verb
videocamera_2,Noun
knitting_3,Verb
banana_3,Noun
doctor_2,Noun
follow_4,Verb
lemon_2,Noun
bury_2,Verb
tiny,Adjective
imagine_2,Verb
eagle_2,Noun
witch_2,Noun
smile_2,Verb
wade_2,Verb
dentist_2,Noun
cross_3,Noun
lift_2,Verb
pop_4,Verb
dolphin_3,Noun
ski-ca,Verb
sunbathe_2,Verb
tie_up_1,Verb
arrest_3,Verb
fence_2,Noun
curtsey_2,Verb
lobster_2,Noun
iron_3,Verb
screwdriver_2,Noun
knife_2,Noun
wristwatch_2,Noun
strain_1,Verb
dinosaur_2,Noun
mea_culpa,
gloves_2,Noun
tear_rip_2,Verb
fireman_2,Noun
jacket_4,Noun
boil_2,Verb
whistle_3,Noun
hairdryer_2,Noun
conduct_3,Verb
toothbrush-ca,Verb
cloud_4,Noun
cry_4,Verb
meditate_2,Verb
envelope_3,Noun
helicopter_3,Noun
somersault_3,Verb
comb_2,Noun
magnet_2,Noun
slice_4,Verb
oil_2,Noun
stack_3,Verb
milk_2,Verb
pick_2,Verb
sandwich_3,Noun
buckle_2,Noun
carrot_3,Noun
pineapple_4,Noun
drown_4,Verb
stretch-ca,Verb
spread_2,Verb
snow_2,Verb
bite_on_arm,Verb
peg_2,Noun
kick_2,Verb
scarf_2,Noun
stethoscope_2,Noun
cat_3,Noun
magnify_2,Verb
necklace_4,Noun
drink_2,Verb
cracker_2,Noun
chew_4,Verb
erase_5,Verb
run_faucet,Verb
sharpen_2,Verb
erase_2,Verb
hat_2,Noun
strawberry_3,Noun
boots_2,Noun
trip_2,Verb
razor_2,Noun
policeman_2,Noun
gun_2,Noun
swim_2,Verb
atlanta,Name
mountain_2,Noun
catch_3,Verb
castle_4,Noun
trim_1,Verb
pinch_2,Verb
pipe_3,Noun
shave_5,Verb
frown_2,Verb
rhino_2,Noun
glue_1,Verb
mix_3,Verb
rabbit_2,Noun
think_chin,Verb
bun,Noun
bored_2,Adjective
vampire,Noun
blackbird,Noun
braids,Noun
stretch_2,Verb
a-line_bob,Noun
